travel to europe and,0
people who understand us,0
to make new friends,0
it is a beautiful country,0
north east of england,0
as i can remember,0
ocd and anxiety too,0
i love to help others,0
the struggle is real,0
happy someone trusted me enough,0
piece of advice for you,0
watch youtube or netflix,0
found a new hobby,0
what hobbies you all have,0
some things have been opening,0
people are out partying,0
video recommendation for starting out,0
just called friendship bracelets,0
fashion and lifestyle blog,0
how are you doing,0
food in the world,0
tough to not have friends,0
send me a friend request,0
part of their journey,0
make me feel better,0
really helping my anxiety,0
been working on,0
experience silicon valley,0
those black and white studies,0
i might try that later,0
good start and great practice,0
figure is a focal point,0
the building on the right,0
widen the value range,0
keep it up,0
my whole heart,0
say it one more time,0
recreate works of art,0
so visually pleasing,0
doing a live music stream,0
tell me what to sing,0
focused towards mental health,0
are you learning japanese,0
check out our instant download,0
each bundle contains several ebooks,0
grammar points explained,0
collaborate and communicate,0
numerous software products,0
finding a lost friend,0
updated their profile picture,0
your favorite drawing tool,0
this offer will expire soon,0
curiosity passion and ambition,0
wants to learn at home,0
funniest way to look normal,0
my greatest joy and happiness,0
biggest challenge and greatest triumph,0
women that raise the children,0
develop my skills,0
please let me know,0
over the years,0
some pretty questionable lessons,0
i share them with you,0
level up in,0
if you never jump,0
i steal memes,0
build strategy games,0
no experience required,0
realtime mechanics,0
high above the clouds,0
those who care for you,0
miss our amazing advocate,0
investment to help young women,0
read faster remember more,0
a slow learner,0
learning faster from home,0
no matter where you are,0
perfect teddy bear face,0
advice on the basics,0
going to encourage you,0
celebrate with you,0
sending a personalized book,0
cakes cupcakes cake pops,0
we can talk some details,0
like and follow,0
hope everyone is staying safe,0
egyptian vultures are amazing,0
they are an endangered species,0
really happy with how,0
the expression on his face,0
really great strokes and colours,0
i think he would fly,0
i am moving to venus,0
buy one annual membership,0
stay connected and engaged,0
different floor levels,0
these school zoom meetings,0
these reactions are priceless,0
congratulations to all our students,0
best animations of,0
born with amazing genetics,0
even need to be fit,0
at the same time,0
challenge yourself,0
learn about my latest program,0
the heart of life,0
the stage is on hold,0
 the most inspiring guitarist,0
my youtube series,0
check it out,0
will you complete the trial,0
the brushes work well,0
the brushes are pressure responsive,0
the textures are dynamically created,0
the set contains photoshop brushes,0
includes a free membership,0
i am truly grateful,0
a few notes and thoughts,0
show up well on video,0
if you want an idea,0
depending on the background,0
it is the combination,0
first line of the video,0
go on to tell you,0
hidden in their bold claim,0
is actually very true,0
it does beg the question,0
getting such a lecture,0
no monthly fees ever,0
special lifetime software deal,0
reconstruction of a creature,0
needs more love,0
the species is highly distinctive,0
work in progress,0
work on some proportional issues,0
sunny day at the beach,0
thank you so much,0
that seed you planted,0
experience needed to start,0
jobs within cybersecurity include,0
achieve your professional goals,0
never fail to amaze me,0
where is the first place,0
shared her first post,0
easy to use,0
continue to grow and add,0
get into architecture quick enough,0
last day of painting forests,0
the weapon is actually modeled,0
film i have planned,0
making realistic settings in minutes,0
good rendering and organizational tips,0
a year from now,0
leave it any longer,0
let me know your feedback,0
the clouds,0
make sense to me,0
crop out the left,0
person with the horse,0
the concept of it,0
and get a special discount,0
song and video out now,0
while it is still available,0
dad and daughter dancing duo,0
watch their viral video dancing,0
i never want that to,0
there we were in japan,0
inspire me to grow,0
i owe it all,0
so special and relaxing,0
easy to make my day,0
was to spend time,0
played in the backyard,0
cuddled me in bed,0
love is something i cannot,0
on my vision board,0
i am doing a voiceover,0
words cannot express,0
this one is for you,0
have to speak up,0
if only it was,0
under the feet of mothers,0
social distancing has actually,0
your next walk,0
swipe for a closeup,0
if you decide to join,0
i remember you saying,0
what you mean now,0
i hope you can give,0
exploring the world,0
hope you are safe,0
take a deep breath,0
found the pot of gold,0
got all the roses,0
for more cute puppy posts,0
cut your hair during quarantine,0
i salute these three incredible,0
their own surprise birthday party,0
a cinnamon bun themed squirrel,0
ball is still life,0
want to get featured,0
post something now,0
my own prompt list,0
featured in my stories,0
i would wake up,0
 realize where i am,0
take a minute nap,0
hey there demons,0
offer an extra hand,0
many of us have been,0
you are separated,0
from my family to yours,0
arrival of our baby,0
only member of your family,0
her time to receive,0
know how you did it,0
anything from last night,0
goes both ways,0
can t express enough,0
across the world today,0
know how to show it,0
write a new one,0
create our own legacy,0
changes she made,0
a piece of work,0
a strong native american woman,0
big fan of your work,0
become a masterpiece,0
double tap if you agree,0
more than anyone could know,0
i love football,0
love is not possible,0
you fought so hard,0
they hit the jack pot,0
all on their own,0
natural transformation,0
can you guess,0
it is a trap,0
caught this bad boy today,0
mezmerizing views of sardinia,0
you are missed daily,0
when in doubt diamonds,0
have the humility to,0
to not be audacious,0
push back on me,0
definitely look at a series,0
place to escape,0
someone who should see this,0
you get my follow,0
develop some empathy,0
the day in the kitchen,0
kevin hart is short,0
get in the photo,0
thought this was an edit,0
overvalue the good,0
deal with the bad,0
couple colleagues had a pattern,0
in my last job,0
follow rules below to enter,0
never got to meet you,0
she was in this photo,0
better body than me,0
try to live with it,0
thought it was a scam,0
but what if i wish,0
learning spanish on doulingo,0
it is not your tongue,0
point in my life,0
what is on the table,0
grow our page,0
they asked for it,0
world a better place,0
iconic and imperfectly perfect,0
made this last night,0
talking about right now,0
hates carrying bags,0
some bees have better,0
paying tribute to those who,0
an anonymous visitor left,0
to be charged double,0
political views about this psychopath,0
not offended by the post,0
based on sheer numbers,0
considerable time and effort,0
make two sizeable donations,0
immediately and enthusiastically,0
your work is really good,0
this little camping family,0
did i take my time,0
which dress is your pick,0
i ve come to bargain,0
face of someone who died,0
today has been rough,0
most skilled and talented,0
not the only one,0
it is called growing up,0
videos on twitter,0
give you something special tomorrow,0
remember this moment,0
a special shoutout below,0
to see someone vomit,1
if you vomit you will,1
mostly from stomach bugs,1
have not puked since,1
catch stomach bugs often,1
vomit free since,1
stomach bug going about,1
getting sick all the time,1
him being sick,1
with stomach bugs,1
deal with morning sickness,1
sick in the night,1
an issue with sickness,1
vomiting is a main concern,1
get sick at all,1
pregnant with another boy,1
bothered by sickness,1
ill several times a day,1
someone is sick,1
and vomits with it,1
never even had morning sickness,1
her first stomach bug,1
not get the bug,1
my kids get sick,1
never threw up from it,1
would have morning sickness,1
lots of sickness,1
if i vomit,1
knew i would be ill,1
get sick my whole pregnancy,1
sick with all pregnancies,1
cope with the nausea,1
afraid i will puke,1
have been vomiting everyday,1
severe vomiting and fever,1
throwing it back up,1
will stop the vomiting,1
due to vomiting,1
like i will puke again,1
you did not vomit,1
i was going to puke,1
a lot of health anxiety,1
dwelling on my health anxiety,1
was feeling super sick,1
now i feel super ill,1
it makes me ill,1
makes you very nauseous,1
feeling run down nauseous etc,1
my stomach is growling,1
horrible nausea feeling,1
quite like morning nausea,1
watery diarrhea and severe vertigo,1
can being dehydrated cause nausea,1
now cuddling a bucket,1
head in a bucket twice,1
so sick all the time,1
were you sick,1
did you vomit,1
are you still puking,1
i am not throwing up,1
diarrhea and i feel nauseous,1
i have got a bug,1
probably causing the sick feeling,1
anxiety and sick feeling,1
i woke up feeling nauseous,1
no acidic nausea,1
really dizzy and nauseous often,1
my chronic nausea is,1
hunger makes my nausea worse,1
had food poisoning several times,1
making you ill,1
all of my nausea,1
my nausea is an illness,1
i started feeling bad earlier,1
it was indigestion from eating,1
sick to my stomach,1
stomach has been hurting,1
am super nauseous right now,1
scared it is a bug,1
gurgling and i feel nauseous,1
you might have some reflux,1
i am about to gag,1
i think i will puke,1
every morning i feel nauseous,1
i am really nauseous again,1
to feel nauseous after breakfast,1
scared it is a bug,1
they have not been sick,1
making me feel sick,1
i had a stomach bug,1
ingest the virus particles,1
different strains of stomach bugs,1
got terrible nausea and dizziness,1
am afraid i will puke,1
is used to prevent vomiting,1
i would wake up sick,1
get nausea and diarrhea,1
gets the throw up sensation,1
gives me horrible acid reflux,1
they were gagging themselves,1
since you threw up last,1
throwing up in front of,1
throwing up only other people,1
throw up at the finish,1
with somebody throwing up,1
coughing super hard or gagging,1
to willingly throw up once,1
i might throw up,1
understanding throwing up is normal,1
i have not thrown up,1
afraid of others getting sick,1
anyone who is getting sick,1
if he feels ill,1
someone be ill,1
i feel really bad,1
i had diarrhea twice,1
have you thrown up,1
threw up on different occasions,1
were stomach bugs,1
and one was travel sickness,1
used to throw up,1
only thrown up from alcohol,1
never had a stomach bug,1
i refused to puke,1
i did not puke,1
get drunk if i vomit,1
hangover that makes me sick,1
getting drunk was standard,1
to make me throw up,1
throwing up feels so normal,1
witnessed my girlfriend throw up,1
was really sick for ages,1
i was just throwing up,1
never had stomach bug,1
puke when i am on,1
puked many times from alcohol,1
other people being sick,1
cope with others being sick,1
throw up all the time,1
do baby spit up,1
they were feeling sick near,1
and throwing up,1
throwing up from a bleed,1
the same for myself vomiting,1
she said she felt sick,1
even cope with spit up,1
work for myself getting ill,1
my boyfriend is throwing up,1
not cope with throwing up,1
always getting sick,1
around anyone throwing up,1
not watch people throwing up,1
the actual vomit itself,1
sick when i am drunk,1
it does make me gag,1
threw up from being sick,1
a bug and threw up,1
i did not throw up,1
puke after every feed,1
throw up after meals,1
threw up twice,1
never a stomach bug,1
ever had a stomach bug,1
anything to avoid vomiting,1
not thrown up since,1
i threw up only due,1
to not throw up again,1
and food poisoning,1
the food poisoning from,1
have not gotten sick,1
have never thrown up,1
i projectile vomited once,1
i do is dry heave,1
dry heave is the worst,1
adults do not vomit,1
to vomit is alcohol,1
i got sick but,1
i have only gotten sick,1
sick two times with vomiting,1
had the bug with diarrhea,1
have thrown up like,1
have vomited i think,1
i have only vomited twice,1
terrified of nausea as well,1
puke a lot from drinking,1
throwing up while drunk,1
nauseous when i am hungover,1
i was nauseous during pregnancies,1
threw up and dry heaved,1
separate from the vomiting episodes,1
because of a stomach bug,1
once because of food poisoning,1
i threw up,1
throw up from actual illness,1
was not vomiting,1
i puked like,1
food poisoning when i was,1
thrown up from a sickness,1
and car sickness once,1
i once got sick when,1
alcohol weed and food poisoning,1
weed can make you puke,1
works great for nausea,1
i get dizzy and sick,1
had bugs when i vomited,1
travel sickness episodes,1
occasional travel sickness,1
that made me throw up,1
stomach bug i threw up,1
threw up after giving birth,1
have not actively vomited,1
i usually just dry heave,1
count food poisoning norovirus,1
only did not vomit out,1
only vomit once or twice,1
i only vomited once,1
food poisoning from,1
was mostly just dry heaving,1
some nausea with my pregnancies,1
diarrhea and not throw up,1
i got car sick,1
food poisoning and stomach bugs,1
only threw up,1
i vomited a few times,1
i vomited some times,1
threw up with food poisoning,1
been from car sickness,1
i threw up so much,1
motion sickness food poisoning flu,1
thrown up several times,1
it stops the nausea,1
salmonella at age,1
please do not throw up,1
i wanna vomit all over,1
throwing up in his grave,1
bad stomach cramps,1
vomiting and having diarrhea,1
toilet again to vomit,1
food poisoning or stomach bug,1
it sounds like food poisoning,1
not catch food poisoning,1
more likely food poisoning,1
his stomach is so sore,1
he just has food poisoning,1
bacteria that causes food poisoning,1
you can catch food poisoning,1
definitely food poisoning,1
food poisoning is horrible,1
i think food poisoning,1
food poisoning does not,1
might not be food poisoning,1
she was really ill,1
i had bad food poisoning,1
if it is food poisoning,1
some food poisoning is contagious,1
my mother got food poisoning,1
definitely could be food poisoning,1
had food poisoning,1
have not thrown up,1
alcohol morning sickness,1
the fear of vomiting,1
specific phobia of vomiting,1
norovirus and treatment options,1
you think you will puke,1
those antibiotics for nausea,1
withdrawal make me sick,1
they dry heave a lot,1
acid coming up,1
severe belly bug when,1
violently ill constantly,1
kids getting sick in class,1
before my stomach bug,1
i did not throw up,1
threw up for hours,1
for anti nausea meds,1
it was food poisoning,1
it induces incredibly violent vomiting,1
sister got carsick every time,1
violently ill all the time,1
my dad was super sick,1
whenever he would vomit,1
sick and terrified of puking,1
i was thrown up on,1
had a stomach bug,1
nausea makes me nervous,1
mom violently projectile vomit,1
she projectile vomited all over,1
 i knew had vomit on,1
they vomited as we spun,1
ended up getting sick everywhere,1
severe case of food poisoning,1
stand other people being ill,1
alcoholic mother who would vomit,1
she would puke and,1
the nausea that comes along,1
sick scenes in movies,1
coughing and wretching,1
so nauseous right now,1
constant pain or nausea,1
makes you feel more nauseous,1
